subject_key,sfreq,n_channels,channels,duration_hr
SC4001,100.0,7,"EEG Fpz-Cz, EEG Pz-Oz, EOG horizontal, Resp oro-nasal, EMG submental, Temp rectal, Event marker",22.08
SC4002,100.0,7,"EEG Fpz-Cz, EEG Pz-Oz, EOG horizontal, Resp oro-nasal, EMG submental, Temp rectal, Event marker",23.58
SC4011,100.0,7,"EEG Fpz-Cz, EEG Pz-Oz, EOG horizontal, Resp oro-nasal, EMG submental, Temp rectal, Event marker",23.35
SC4012,100.0,7,"EEG Fpz-Cz, EEG Pz-Oz, EOG horizontal, Resp oro-nasal, EMG submental, Temp rectal, Event marker",23.75
SC4021,100.0,7,"EEG Fpz-Cz, EEG Pz-Oz, EOG horizontal, Resp oro-nasal, EMG submental, Temp rectal, Event marker",23.37
SC4022,100.0,7,"EEG Fpz-Cz, EEG Pz-Oz, EOG horizontal, Resp oro-nasal, EMG submental, Temp rectal, Event marker",22.97
SC4031,100.0,7,"EEG Fpz-Cz, EEG Pz-Oz, EOG horizontal, Resp oro-nasal, EMG submental, Temp rectal, Event marker",23.5
SC4032,100.0,7,"EEG Fpz-Cz, EEG Pz-Oz, EOG horizontal, Resp oro-nasal, EMG submental, Temp rectal, Event marker",22.77
SC4041,100.0,7,"EEG Fpz-Cz, EEG Pz-Oz, EOG horizontal, Resp oro-nasal, EMG submental, Temp rectal, Event marker",21.42
SC4042,100.0,7,"EEG Fpz-Cz, EEG Pz-Oz, EOG horizontal, Resp oro-nasal, EMG submental, Temp rectal, Event marker",23.27
SC4051,100.0,7,"EEG Fpz-Cz, EEG Pz-Oz, EOG horizontal, Resp oro-nasal, EMG submental, Temp rectal, Event marker",22.68
SC4052,100.0,7,"EEG Fpz-Cz, EEG Pz-Oz, EOG horizontal, Resp oro-nasal, EMG submental, Temp rectal, Event marker",23.38
SC4061,100.0,7,"EEG Fpz-Cz, EEG Pz-Oz, EOG horizontal, Resp oro-nasal, EMG submental, Temp rectal, Event marker",23.08
SC4062,100.0,7,"EEG Fpz-Cz, EEG Pz-Oz, EOG horizontal, Resp oro-nasal, EMG submental, Temp rectal, Event marker",23.58
SC4071,100.0,7,"EEG Fpz-Cz, EEG Pz-Oz, EOG horizontal, Resp oro-nasal, EMG submental, Temp rectal, Event marker",23.42
SC4072,100.0,7,"EEG Fpz-Cz, EEG Pz-Oz, EOG horizontal, Resp oro-nasal, EMG submental, Temp rectal, Event marker",23.08
SC4081,100.0,7,"EEG Fpz-Cz, EEG Pz-Oz, EOG horizontal, Resp oro-nasal, EMG submental, Temp rectal, Event marker",23.3
SC4082,100.0,7,"EEG Fpz-Cz, EEG Pz-Oz, EOG horizontal, Resp oro-nasal, EMG submental, Temp rectal, Event marker",21.95
SC4091,100.0,7,"EEG Fpz-Cz, EEG Pz-Oz, EOG horizontal, Resp oro-nasal, EMG submental, Temp rectal, Event marker",22.77
SC4092,100.0,7,"EEG Fpz-Cz, EEG Pz-Oz, EOG horizontal, Resp oro-nasal, EMG submental, Temp rectal, Event marker",23.82
SC4101,100.0,7,"EEG Fpz-Cz, EEG Pz-Oz, EOG horizontal, Resp oro-nasal, EMG submental, Temp rectal, Event marker",22.67
SC4102,100.0,7,"EEG Fpz-Cz, EEG Pz-Oz, EOG horizontal, Resp oro-nasal, EMG submental, Temp rectal, Event marker",23.82
SC4111,100.0,7,"EEG Fpz-Cz, EEG Pz-Oz, EOG horizontal, Resp oro-nasal, EMG submental, Temp rectal, Event marker",22.02
SC4112,100.0,7,"EEG Fpz-Cz, EEG Pz-Oz, EOG horizontal, Resp oro-nasal, EMG submental, Temp rectal, Event marker",23.17
SC4121,100.0,7,"EEG Fpz-Cz, EEG Pz-Oz, EOG horizontal, Resp oro-nasal, EMG submental, Temp rectal, Event marker",23.22
SC4122,100.0,7,"EEG Fpz-Cz, EEG Pz-Oz, EOG horizontal, Resp oro-nasal, EMG submental, Temp rectal, Event marker",21.72
SC4131,100.0,7,"EEG Fpz-Cz, EEG Pz-Oz, EOG horizontal, Resp oro-nasal, EMG submental, Temp rectal, Event marker",23.45
SC4141,100.0,7,"EEG Fpz-Cz, EEG Pz-Oz, EOG horizontal, Resp oro-nasal, EMG submental, Temp rectal, Event marker",22.97
SC4142,100.0,7,"EEG Fpz-Cz, EEG Pz-Oz, EOG horizontal, Resp oro-nasal, EMG submental, Temp rectal, Event marker",23.12
SC4151,100.0,7,"EEG Fpz-Cz, EEG Pz-Oz, EOG horizontal, Resp oro-nasal, EMG submental, Temp rectal, Event marker",21.83
SC4152,100.0,7,"EEG Fpz-Cz, EEG Pz-Oz, EOG horizontal, Resp oro-nasal, EMG submental, Temp rectal, Event marker",23.87
SC4161,100.0,7,"EEG Fpz-Cz, EEG Pz-Oz, EOG horizontal, Resp oro-nasal, EMG submental, Temp rectal, Event marker",21.88
SC4162,100.0,7,"EEG Fpz-Cz, EEG Pz-Oz, EOG horizontal, Resp oro-nasal, EMG submental, Temp rectal, Event marker",22.93
SC4171,100.0,7,"EEG Fpz-Cz, EEG Pz-Oz, EOG horizontal, Resp oro-nasal, EMG submental, Temp rectal, Event marker",22.85
SC4172,100.0,7,"EEG Fpz-Cz, EEG Pz-Oz, EOG horizontal, Resp oro-nasal, EMG submental, Temp rectal, Event marker",22.7
SC4181,100.0,7,"EEG Fpz-Cz, EEG Pz-Oz, EOG horizontal, Resp oro-nasal, EMG submental, Temp rectal, Event marker",22.97
SC4182,100.0,7,"EEG Fpz-Cz, EEG Pz-Oz, EOG horizontal, Resp oro-nasal, EMG submental, Temp rectal, Event marker",23.68
SC4191,100.0,7,"EEG Fpz-Cz, EEG Pz-Oz, EOG horizontal, Resp oro-nasal, EMG submental, Temp rectal, Event marker",23.12
SC4192,100.0,7,"EEG Fpz-Cz, EEG Pz-Oz, EOG horizontal, Resp oro-nasal, EMG submental, Temp rectal, Event marker",21.75
SC4201,100.0,7,"EEG Fpz-Cz, EEG Pz-Oz, EOG horizontal, Resp oro-nasal, EMG submental, Temp rectal, Event marker",23.37
SC4202,100.0,7,"EEG Fpz-Cz, EEG Pz-Oz, EOG horizontal, Resp oro-nasal, EMG submental, Temp rectal, Event marker",22.25
SC4211,100.0,7,"EEG Fpz-Cz, EEG Pz-Oz, EOG horizontal, Resp oro-nasal, EMG submental, Temp rectal, Event marker",23.42
SC4212,100.0,7,"EEG Fpz-Cz, EEG Pz-Oz, EOG horizontal, Resp oro-nasal, EMG submental, Temp rectal, Event marker",22.45
SC4221,100.0,7,"EEG Fpz-Cz, EEG Pz-Oz, EOG horizontal, Resp oro-nasal, EMG submental, Temp rectal, Event marker",22.5
SC4222,100.0,7,"EEG Fpz-Cz, EEG Pz-Oz, EOG horizontal, Resp oro-nasal, EMG submental, Temp rectal, Event marker",23.0
SC4231,100.0,7,"EEG Fpz-Cz, EEG Pz-Oz, EOG horizontal, Resp oro-nasal, EMG submental, Temp rectal, Event marker",22.88
SC4232,100.0,7,"EEG Fpz-Cz, EEG Pz-Oz, EOG horizontal, Resp oro-nasal, EMG submental, Temp rectal, Event marker",22.0
SC4241,100.0,7,"EEG Fpz-Cz, EEG Pz-Oz, EOG horizontal, Resp oro-nasal, EMG submental, Temp rectal, Event marker",22.52
SC4242,100.0,7,"EEG Fpz-Cz, EEG Pz-Oz, EOG horizontal, Resp oro-nasal, EMG submental, Temp rectal, Event marker",22.58
SC4251,100.0,7,"EEG Fpz-Cz, EEG Pz-Oz, EOG horizontal, Resp oro-nasal, EMG submental, Temp rectal, Event marker",23.0
SC4252,100.0,7,"EEG Fpz-Cz, EEG Pz-Oz, EOG horizontal, Resp oro-nasal, EMG submental, Temp rectal, Event marker",22.22
SC4261,100.0,7,"EEG Fpz-Cz, EEG Pz-Oz, EOG horizontal, Resp oro-nasal, EMG submental, Temp rectal, Event marker",23.33
SC4262,100.0,7,"EEG Fpz-Cz, EEG Pz-Oz, EOG horizontal, Resp oro-nasal, EMG submental, Temp rectal, Event marker",22.67
SC4271,100.0,7,"EEG Fpz-Cz, EEG Pz-Oz, EOG horizontal, Resp oro-nasal, EMG submental, Temp rectal, Event marker",20.33
SC4272,100.0,7,"EEG Fpz-Cz, EEG Pz-Oz, EOG horizontal, Resp oro-nasal, EMG submental, Temp rectal, Event marker",23.92
SC4281,100.0,7,"EEG Fpz-Cz, EEG Pz-Oz, EOG horizontal, Resp oro-nasal, EMG submental, Temp rectal, Event marker",23.23
SC4282,100.0,7,"EEG Fpz-Cz, EEG Pz-Oz, EOG horizontal, Resp oro-nasal, EMG submental, Temp rectal, Event marker",23.45
SC4291,100.0,7,"EEG Fpz-Cz, EEG Pz-Oz, EOG horizontal, Resp oro-nasal, EMG submental, Temp rectal, Event marker",22.97
SC4292,100.0,7,"EEG Fpz-Cz, EEG Pz-Oz, EOG horizontal, Resp oro-nasal, EMG submental, Temp rectal, Event marker",23.42
SC4301,100.0,7,"EEG Fpz-Cz, EEG Pz-Oz, EOG horizontal, Resp oro-nasal, EMG submental, Temp rectal, Event marker",22.05
SC4302,100.0,7,"EEG Fpz-Cz, EEG Pz-Oz, EOG horizontal, Resp oro-nasal, EMG submental, Temp rectal, Event marker",23.4
SC4311,100.0,7,"EEG Fpz-Cz, EEG Pz-Oz, EOG horizontal, Resp oro-nasal, EMG submental, Temp rectal, Event marker",22.25
SC4312,100.0,7,"EEG Fpz-Cz, EEG Pz-Oz, EOG horizontal, Resp oro-nasal, EMG submental, Temp rectal, Event marker",22.5
SC4321,100.0,7,"EEG Fpz-Cz, EEG Pz-Oz, EOG horizontal, Resp oro-nasal, EMG submental, Temp rectal, Event marker",22.42
SC4322,100.0,7,"EEG Fpz-Cz, EEG Pz-Oz, EOG horizontal, Resp oro-nasal, EMG submental, Temp rectal, Event marker",21.8
SC4331,100.0,7,"EEG Fpz-Cz, EEG Pz-Oz, EOG horizontal, Resp oro-nasal, EMG submental, Temp rectal, Event marker",23.42
SC4332,100.0,7,"EEG Fpz-Cz, EEG Pz-Oz, EOG horizontal, Resp oro-nasal, EMG submental, Temp rectal, Event marker",23.0
SC4341,100.0,7,"EEG Fpz-Cz, EEG Pz-Oz, EOG horizontal, Resp oro-nasal, EMG submental, Temp rectal, Event marker",22.92
SC4342,100.0,7,"EEG Fpz-Cz, EEG Pz-Oz, EOG horizontal, Resp oro-nasal, EMG submental, Temp rectal, Event marker",23.25
SC4351,100.0,7,"EEG Fpz-Cz, EEG Pz-Oz, EOG horizontal, Resp oro-nasal, EMG submental, Temp rectal, Event marker",22.58
SC4352,100.0,7,"EEG Fpz-Cz, EEG Pz-Oz, EOG horizontal, Resp oro-nasal, EMG submental, Temp rectal, Event marker",21.1
SC4362,100.0,7,"EEG Fpz-Cz, EEG Pz-Oz, EOG horizontal, Resp oro-nasal, EMG submental, Temp rectal, Event marker",18.88
SC4371,100.0,7,"EEG Fpz-Cz, EEG Pz-Oz, EOG horizontal, Resp oro-nasal, EMG submental, Temp rectal, Event marker",23.75
SC4372,100.0,7,"EEG Fpz-Cz, EEG Pz-Oz, EOG horizontal, Resp oro-nasal, EMG submental, Temp rectal, Event marker",23.67
SC4381,100.0,7,"EEG Fpz-Cz, EEG Pz-Oz, EOG horizontal, Resp oro-nasal, EMG submental, Temp rectal, Event marker",22.92
SC4382,100.0,7,"EEG Fpz-Cz, EEG Pz-Oz, EOG horizontal, Resp oro-nasal, EMG submental, Temp rectal, Event marker",23.08
SC4401,100.0,7,"EEG Fpz-Cz, EEG Pz-Oz, EOG horizontal, Resp oro-nasal, EMG submental, Temp rectal, Event marker",21.92
SC4402,100.0,7,"EEG Fpz-Cz, EEG Pz-Oz, EOG horizontal, Resp oro-nasal, EMG submental, Temp rectal, Event marker",23.25
SC4411,100.0,7,"EEG Fpz-Cz, EEG Pz-Oz, EOG horizontal, Resp oro-nasal, EMG submental, Temp rectal, Event marker",22.73
SC4412,100.0,7,"EEG Fpz-Cz, EEG Pz-Oz, EOG horizontal, Resp oro-nasal, EMG submental, Temp rectal, Event marker",23.82
SC4421,100.0,7,"EEG Fpz-Cz, EEG Pz-Oz, EOG horizontal, Resp oro-nasal, EMG submental, Temp rectal, Event marker",23.03
SC4422,100.0,7,"EEG Fpz-Cz, EEG Pz-Oz, EOG horizontal, Resp oro-nasal, EMG submental, Temp rectal, Event marker",22.35
SC4431,100.0,7,"EEG Fpz-Cz, EEG Pz-Oz, EOG horizontal, Resp oro-nasal, EMG submental, Temp rectal, Event marker",23.42
SC4432,100.0,7,"EEG Fpz-Cz, EEG Pz-Oz, EOG horizontal, Resp oro-nasal, EMG submental, Temp rectal, Event marker",23.17
SC4441,100.0,7,"EEG Fpz-Cz, EEG Pz-Oz, EOG horizontal, Resp oro-nasal, EMG submental, Temp rectal, Event marker",21.83
SC4442,100.0,7,"EEG Fpz-Cz, EEG Pz-Oz, EOG horizontal, Resp oro-nasal, EMG submental, Temp rectal, Event marker",23.15
SC4451,100.0,7,"EEG Fpz-Cz, EEG Pz-Oz, EOG horizontal, Resp oro-nasal, EMG submental, Temp rectal, Event marker",23.25
SC4452,100.0,7,"EEG Fpz-Cz, EEG Pz-Oz, EOG horizontal, Resp oro-nasal, EMG submental, Temp rectal, Event marker",22.25
SC4461,100.0,7,"EEG Fpz-Cz, EEG Pz-Oz, EOG horizontal, Resp oro-nasal, EMG submental, Temp rectal, Event marker",22.47
SC4462,100.0,7,"EEG Fpz-Cz, EEG Pz-Oz, EOG horizontal, Resp oro-nasal, EMG submental, Temp rectal, Event marker",23.8
SC4471,100.0,7,"EEG Fpz-Cz, EEG Pz-Oz, EOG horizontal, Resp oro-nasal, EMG submental, Temp rectal, Event marker",22.83
SC4472,100.0,7,"EEG Fpz-Cz, EEG Pz-Oz, EOG horizontal, Resp oro-nasal, EMG submental, Temp rectal, Event marker",23.25
SC4481,100.0,7,"EEG Fpz-Cz, EEG Pz-Oz, EOG horizontal, Resp oro-nasal, EMG submental, Temp rectal, Event marker",24.0
SC4482,100.0,7,"EEG Fpz-Cz, EEG Pz-Oz, EOG horizontal, Resp oro-nasal, EMG submental, Temp rectal, Event marker",24.0
SC4491,100.0,7,"EEG Fpz-Cz, EEG Pz-Oz, EOG horizontal, Resp oro-nasal, EMG submental, Temp rectal, Event marker",23.33
SC4492,100.0,7,"EEG Fpz-Cz, EEG Pz-Oz, EOG horizontal, Resp oro-nasal, EMG submental, Temp rectal, Event marker",17.8
SC4501,100.0,7,"EEG Fpz-Cz, EEG Pz-Oz, EOG horizontal, Resp oro-nasal, EMG submental, Temp rectal, Event marker",22.92
SC4502,100.0,7,"EEG Fpz-Cz, EEG Pz-Oz, EOG horizontal, Resp oro-nasal, EMG submental, Temp rectal, Event marker",23.08
SC4511,100.0,7,"EEG Fpz-Cz, EEG Pz-Oz, EOG horizontal, Resp oro-nasal, EMG submental, Temp rectal, Event marker",22.6
SC4512,100.0,7,"EEG Fpz-Cz, EEG Pz-Oz, EOG horizontal, Resp oro-nasal, EMG submental, Temp rectal, Event marker",22.92
SC4522,100.0,7,"EEG Fpz-Cz, EEG Pz-Oz, EOG horizontal, Resp oro-nasal, EMG submental, Temp rectal, Event marker",23.12
SC4531,100.0,7,"EEG Fpz-Cz, EEG Pz-Oz, EOG horizontal, Resp oro-nasal, EMG submental, Temp rectal, Event marker",21.68
SC4532,100.0,7,"EEG Fpz-Cz, EEG Pz-Oz, EOG horizontal, Resp oro-nasal, EMG submental, Temp rectal, Event marker",22.87
SC4541,100.0,7,"EEG Fpz-Cz, EEG Pz-Oz, EOG horizontal, Resp oro-nasal, EMG submental, Temp rectal, Event marker",22.83
SC4542,100.0,7,"EEG Fpz-Cz, EEG Pz-Oz, EOG horizontal, Resp oro-nasal, EMG submental, Temp rectal, Event marker",22.33
SC4551,100.0,7,"EEG Fpz-Cz, EEG Pz-Oz, EOG horizontal, Resp oro-nasal, EMG submental, Temp rectal, Event marker",23.1
SC4552,100.0,7,"EEG Fpz-Cz, EEG Pz-Oz, EOG horizontal, Resp oro-nasal, EMG submental, Temp rectal, Event marker",23.42
SC4561,100.0,7,"EEG Fpz-Cz, EEG Pz-Oz, EOG horizontal, Resp oro-nasal, EMG submental, Temp rectal, Event marker",22.53
SC4562,100.0,7,"EEG Fpz-Cz, EEG Pz-Oz, EOG horizontal, Resp oro-nasal, EMG submental, Temp rectal, Event marker",23.33
SC4571,100.0,7,"EEG Fpz-Cz, EEG Pz-Oz, EOG horizontal, Resp oro-nasal, EMG submental, Temp rectal, Event marker",23.75
SC4572,100.0,7,"EEG Fpz-Cz, EEG Pz-Oz, EOG horizontal, Resp oro-nasal, EMG submental, Temp rectal, Event marker",24.0
SC4581,100.0,7,"EEG Fpz-Cz, EEG Pz-Oz, EOG horizontal, Resp oro-nasal, EMG submental, Temp rectal, Event marker",22.82
SC4582,100.0,7,"EEG Fpz-Cz, EEG Pz-Oz, EOG horizontal, Resp oro-nasal, EMG submental, Temp rectal, Event marker",21.95
SC4591,100.0,7,"EEG Fpz-Cz, EEG Pz-Oz, EOG horizontal, Resp oro-nasal, EMG submental, Temp rectal, Event marker",23.5
SC4592,100.0,7,"EEG Fpz-Cz, EEG Pz-Oz, EOG horizontal, Resp oro-nasal, EMG submental, Temp rectal, Event marker",17.0
SC4601,100.0,7,"EEG Fpz-Cz, EEG Pz-Oz, EOG horizontal, Resp oro-nasal, EMG submental, Temp rectal, Event marker",22.75
SC4602,100.0,7,"EEG Fpz-Cz, EEG Pz-Oz, EOG horizontal, Resp oro-nasal, EMG submental, Temp rectal, Event marker",23.33
SC4611,100.0,7,"EEG Fpz-Cz, EEG Pz-Oz, EOG horizontal, Resp oro-nasal, EMG submental, Temp rectal, Event marker",22.08
SC4612,100.0,7,"EEG Fpz-Cz, EEG Pz-Oz, EOG horizontal, Resp oro-nasal, EMG submental, Temp rectal, Event marker",22.75
SC4621,100.0,7,"EEG Fpz-Cz, EEG Pz-Oz, EOG horizontal, Resp oro-nasal, EMG submental, Temp rectal, Event marker",21.77
SC4622,100.0,7,"EEG Fpz-Cz, EEG Pz-Oz, EOG horizontal, Resp oro-nasal, EMG submental, Temp rectal, Event marker",23.8
SC4631,100.0,7,"EEG Fpz-Cz, EEG Pz-Oz, EOG horizontal, Resp oro-nasal, EMG submental, Temp rectal, Event marker",22.98
SC4632,100.0,7,"EEG Fpz-Cz, EEG Pz-Oz, EOG horizontal, Resp oro-nasal, EMG submental, Temp rectal, Event marker",23.73
SC4641,100.0,7,"EEG Fpz-Cz, EEG Pz-Oz, EOG horizontal, Resp oro-nasal, EMG submental, Temp rectal, Event marker",22.33
SC4642,100.0,7,"EEG Fpz-Cz, EEG Pz-Oz, EOG horizontal, Resp oro-nasal, EMG submental, Temp rectal, Event marker",23.25
SC4651,100.0,7,"EEG Fpz-Cz, EEG Pz-Oz, EOG horizontal, Resp oro-nasal, EMG submental, Temp rectal, Event marker",23.83
SC4652,100.0,7,"EEG Fpz-Cz, EEG Pz-Oz, EOG horizontal, Resp oro-nasal, EMG submental, Temp rectal, Event marker",23.67
SC4661,100.0,7,"EEG Fpz-Cz, EEG Pz-Oz, EOG horizontal, Resp oro-nasal, EMG submental, Temp rectal, Event marker",22.83
SC4662,100.0,7,"EEG Fpz-Cz, EEG Pz-Oz, EOG horizontal, Resp oro-nasal, EMG submental, Temp rectal, Event marker",23.5
SC4671,100.0,7,"EEG Fpz-Cz, EEG Pz-Oz, EOG horizontal, Resp oro-nasal, EMG submental, Temp rectal, Event marker",23.17
SC4672,100.0,7,"EEG Fpz-Cz, EEG Pz-Oz, EOG horizontal, Resp oro-nasal, EMG submental, Temp rectal, Event marker",21.5
SC4701,100.0,7,"EEG Fpz-Cz, EEG Pz-Oz, EOG horizontal, Resp oro-nasal, EMG submental, Temp rectal, Event marker",22.33
SC4702,100.0,7,"EEG Fpz-Cz, EEG Pz-Oz, EOG horizontal, Resp oro-nasal, EMG submental, Temp rectal, Event marker",21.87
SC4711,100.0,7,"EEG Fpz-Cz, EEG Pz-Oz, EOG horizontal, Resp oro-nasal, EMG submental, Temp rectal, Event marker",22.75
SC4712,100.0,7,"EEG Fpz-Cz, EEG Pz-Oz, EOG horizontal, Resp oro-nasal, EMG submental, Temp rectal, Event marker",23.5
SC4721,100.0,7,"EEG Fpz-Cz, EEG Pz-Oz, EOG horizontal, Resp oro-nasal, EMG submental, Temp rectal, Event marker",19.52
SC4722,100.0,7,"EEG Fpz-Cz, EEG Pz-Oz, EOG horizontal, Resp oro-nasal, EMG submental, Temp rectal, Event marker",22.88
SC4731,100.0,7,"EEG Fpz-Cz, EEG Pz-Oz, EOG horizontal, Resp oro-nasal, EMG submental, Temp rectal, Event marker",23.17
SC4732,100.0,7,"EEG Fpz-Cz, EEG Pz-Oz, EOG horizontal, Resp oro-nasal, EMG submental, Temp rectal, Event marker",21.0
SC4741,100.0,7,"EEG Fpz-Cz, EEG Pz-Oz, EOG horizontal, Resp oro-nasal, EMG submental, Temp rectal, Event marker",22.42
SC4742,100.0,7,"EEG Fpz-Cz, EEG Pz-Oz, EOG horizontal, Resp oro-nasal, EMG submental, Temp rectal, Event marker",22.08
SC4751,100.0,7,"EEG Fpz-Cz, EEG Pz-Oz, EOG horizontal, Resp oro-nasal, EMG submental, Temp rectal, Event marker",22.33
SC4752,100.0,7,"EEG Fpz-Cz, EEG Pz-Oz, EOG horizontal, Resp oro-nasal, EMG submental, Temp rectal, Event marker",20.58
SC4761,100.0,7,"EEG Fpz-Cz, EEG Pz-Oz, EOG horizontal, Resp oro-nasal, EMG submental, Temp rectal, Event marker",21.92
SC4762,100.0,7,"EEG Fpz-Cz, EEG Pz-Oz, EOG horizontal, Resp oro-nasal, EMG submental, Temp rectal, Event marker",23.42
SC4771,100.0,7,"EEG Fpz-Cz, EEG Pz-Oz, EOG horizontal, Resp oro-nasal, EMG submental, Temp rectal, Event marker",22.97
SC4772,100.0,7,"EEG Fpz-Cz, EEG Pz-Oz, EOG horizontal, Resp oro-nasal, EMG submental, Temp rectal, Event marker",18.68
SC4801,100.0,7,"EEG Fpz-Cz, EEG Pz-Oz, EOG horizontal, Resp oro-nasal, EMG submental, Temp rectal, Event marker",23.12
SC4802,100.0,7,"EEG Fpz-Cz, EEG Pz-Oz, EOG horizontal, Resp oro-nasal, EMG submental, Temp rectal, Event marker",23.42
SC4811,100.0,7,"EEG Fpz-Cz, EEG Pz-Oz, EOG horizontal, Resp oro-nasal, EMG submental, Temp rectal, Event marker",20.02
SC4812,100.0,7,"EEG Fpz-Cz, EEG Pz-Oz, EOG horizontal, Resp oro-nasal, EMG submental, Temp rectal, Event marker",20.13
SC4821,100.0,7,"EEG Fpz-Cz, EEG Pz-Oz, EOG horizontal, Resp oro-nasal, EMG submental, Temp rectal, Event marker",22.68
SC4822,100.0,7,"EEG Fpz-Cz, EEG Pz-Oz, EOG horizontal, Resp oro-nasal, EMG submental, Temp rectal, Event marker",23.42
